,dyad,year,country1,country2,libdem_1,libdem_2,regime_diff
0,CHN-TWN,2015,CHN,TWN,0.052,0.686,0.634
1,CHN-TWN,2016,CHN,TWN,0.052,0.727,0.6749999999999999
2,CHN-TWN,2017,CHN,TWN,0.052,0.737,0.6849999999999999
3,CHN-TWN,2018,CHN,TWN,0.048,0.739,0.691
4,CHN-TWN,2019,CHN,TWN,0.047,0.725,0.6779999999999999
5,CHN-TWN,2020,CHN,TWN,0.042,0.719,0.6769999999999999
6,CHN-TWN,2021,CHN,TWN,0.044,0.711,0.6669999999999999
7,CHN-TWN,2022,CHN,TWN,0.042,0.729,0.6869999999999999
8,CHN-TWN,2023,CHN,TWN,0.037,0.725,0.688
9,CHN-TWN,2024,CHN,TWN,0.037,0.707,0.6699999999999999
10,CHN-TWN,2025,CHN,TWN,0.039,0.704,0.6649999999999999
11,CHN-JPN,2015,CHN,JPN,0.052,0.74,0.688
12,CHN-JPN,2016,CHN,JPN,0.052,0.74,0.688
13,CHN-JPN,2017,CHN,JPN,0.052,0.744,0.692
14,CHN-JPN,2018,CHN,JPN,0.048,0.755,0.707
15,CHN-JPN,2019,CHN,JPN,0.047,0.753,0.706
16,CHN-JPN,2020,CHN,JPN,0.042,0.742,0.7
17,CHN-JPN,2021,CHN,JPN,0.044,0.736,0.692
18,CHN-JPN,2022,CHN,JPN,0.042,0.738,0.696
19,CHN-JPN,2023,CHN,JPN,0.037,0.745,0.708
20,CHN-JPN,2024,CHN,JPN,0.037,0.737,0.7
21,CHN-JPN,2025,CHN,JPN,0.039,0.734,0.695
22,CHN-KOR,2015,CHN,KOR,0.052,0.599,0.5469999999999999
23,CHN-KOR,2016,CHN,KOR,0.052,0.62,0.568
24,CHN-KOR,2017,CHN,KOR,0.052,0.791,0.739
25,CHN-KOR,2018,CHN,KOR,0.048,0.794,0.746
26,CHN-KOR,2019,CHN,KOR,0.047,0.777,0.73
27,CHN-KOR,2020,CHN,KOR,0.042,0.782,0.74
28,CHN-KOR,2021,CHN,KOR,0.044,0.775,0.731
29,CHN-KOR,2022,CHN,KOR,0.042,0.718,0.6759999999999999
30,CHN-KOR,2023,CHN,KOR,0.037,0.62,0.583
31,CHN-KOR,2024,CHN,KOR,0.037,0.627,0.59
32,CHN-KOR,2025,CHN,KOR,0.039,0.739,0.7
33,CHN-PRK,2015,CHN,PRK,0.052,0.014,0.038
34,CHN-PRK,2016,CHN,PRK,0.052,0.014,0.038
35,CHN-PRK,2017,CHN,PRK,0.052,0.014,0.038
36,CHN-PRK,2018,CHN,PRK,0.048,0.014,0.034
37,CHN-PRK,2019,CHN,PRK,0.047,0.014,0.033
38,CHN-PRK,2020,CHN,PRK,0.042,0.014,0.028000000000000004
39,CHN-PRK,2021,CHN,PRK,0.044,0.014,0.03
40,CHN-PRK,2022,CHN,PRK,0.042,0.014,0.028000000000000004
41,CHN-PRK,2023,CHN,PRK,0.037,0.014,0.023
42,CHN-PRK,2024,CHN,PRK,0.037,0.014,0.023
43,CHN-PRK,2025,CHN,PRK,0.039,0.014,0.025
44,JPN-KOR,2015,JPN,KOR,0.74,0.599,0.14100000000000001
45,JPN-KOR,2016,JPN,KOR,0.74,0.62,0.12
46,JPN-KOR,2017,JPN,KOR,0.744,0.791,0.04700000000000004
47,JPN-KOR,2018,JPN,KOR,0.755,0.794,0.039000000000000035
48,JPN-KOR,2019,JPN,KOR,0.753,0.777,0.02400000000000002
49,JPN-KOR,2020,JPN,KOR,0.742,0.782,0.040000000000000036
50,JPN-KOR,2021,JPN,KOR,0.736,0.775,0.039000000000000035
51,JPN-KOR,2022,JPN,KOR,0.738,0.718,0.020000000000000018
52,JPN-KOR,2023,JPN,KOR,0.745,0.62,0.125
53,JPN-KOR,2024,JPN,KOR,0.737,0.627,0.10999999999999999
54,JPN-KOR,2025,JPN,KOR,0.734,0.739,0.0050000000000000044
55,JPN-PRK,2015,JPN,PRK,0.74,0.014,0.726
56,JPN-PRK,2016,JPN,PRK,0.74,0.014,0.726
57,JPN-PRK,2017,JPN,PRK,0.744,0.014,0.73
58,JPN-PRK,2018,JPN,PRK,0.755,0.014,0.741
59,JPN-PRK,2019,JPN,PRK,0.753,0.014,0.739
60,JPN-PRK,2020,JPN,PRK,0.742,0.014,0.728
61,JPN-PRK,2021,JPN,PRK,0.736,0.014,0.722
62,JPN-PRK,2022,JPN,PRK,0.738,0.014,0.724
63,JPN-PRK,2023,JPN,PRK,0.745,0.014,0.731
64,JPN-PRK,2024,JPN,PRK,0.737,0.014,0.723
65,JPN-PRK,2025,JPN,PRK,0.734,0.014,0.72
66,JPN-TWN,2015,JPN,TWN,0.74,0.686,0.05399999999999994
67,JPN-TWN,2016,JPN,TWN,0.74,0.727,0.013000000000000012
68,JPN-TWN,2017,JPN,TWN,0.744,0.737,0.007000000000000006
69,JPN-TWN,2018,JPN,TWN,0.755,0.739,0.016000000000000014
70,JPN-TWN,2019,JPN,TWN,0.753,0.725,0.028000000000000025
71,JPN-TWN,2020,JPN,TWN,0.742,0.719,0.02300000000000002
72,JPN-TWN,2021,JPN,TWN,0.736,0.711,0.025000000000000022
73,JPN-TWN,2022,JPN,TWN,0.738,0.729,0.009000000000000008
74,JPN-TWN,2023,JPN,TWN,0.745,0.725,0.020000000000000018
75,JPN-TWN,2024,JPN,TWN,0.737,0.707,0.030000000000000027
76,JPN-TWN,2025,JPN,TWN,0.734,0.704,0.030000000000000027
77,KOR-PRK,2015,KOR,PRK,0.599,0.014,0.585
78,KOR-PRK,2016,KOR,PRK,0.62,0.014,0.606
79,KOR-PRK,2017,KOR,PRK,0.791,0.014,0.777
80,KOR-PRK,2018,KOR,PRK,0.794,0.014,0.78
81,KOR-PRK,2019,KOR,PRK,0.777,0.014,0.763
82,KOR-PRK,2020,KOR,PRK,0.782,0.014,0.768
83,KOR-PRK,2021,KOR,PRK,0.775,0.014,0.761
84,KOR-PRK,2022,KOR,PRK,0.718,0.014,0.704
85,KOR-PRK,2023,KOR,PRK,0.62,0.014,0.606
86,KOR-PRK,2024,KOR,PRK,0.627,0.014,0.613
87,KOR-PRK,2025,KOR,PRK,0.739,0.014,0.725
88,KOR-TWN,2015,KOR,TWN,0.599,0.686,0.08700000000000008
89,KOR-TWN,2016,KOR,TWN,0.62,0.727,0.10699999999999998
90,KOR-TWN,2017,KOR,TWN,0.791,0.737,0.05400000000000005
91,KOR-TWN,2018,KOR,TWN,0.794,0.739,0.05500000000000005
92,KOR-TWN,2019,KOR,TWN,0.777,0.725,0.052000000000000046
93,KOR-TWN,2020,KOR,TWN,0.782,0.719,0.06300000000000006
94,KOR-TWN,2021,KOR,TWN,0.775,0.711,0.06400000000000006
95,KOR-TWN,2022,KOR,TWN,0.718,0.729,0.01100000000000001
96,KOR-TWN,2023,KOR,TWN,0.62,0.725,0.10499999999999998
97,KOR-TWN,2024,KOR,TWN,0.627,0.707,0.07999999999999996
98,KOR-TWN,2025,KOR,TWN,0.739,0.704,0.03500000000000003
99,PRK-TWN,2015,PRK,TWN,0.014,0.686,0.672
100,PRK-TWN,2016,PRK,TWN,0.014,0.727,0.713
101,PRK-TWN,2017,PRK,TWN,0.014,0.737,0.723
102,PRK-TWN,2018,PRK,TWN,0.014,0.739,0.725
103,PRK-TWN,2019,PRK,TWN,0.014,0.725,0.711
104,PRK-TWN,2020,PRK,TWN,0.014,0.719,0.705
105,PRK-TWN,2021,PRK,TWN,0.014,0.711,0.697
106,PRK-TWN,2022,PRK,TWN,0.014,0.729,0.715
107,PRK-TWN,2023,PRK,TWN,0.014,0.725,0.711
108,PRK-TWN,2024,PRK,TWN,0.014,0.707,0.693
109,PRK-TWN,2025,PRK,TWN,0.014,0.704,0.69
110,CHN-PHL,2015,CHN,PHL,0.052,0.409,0.357
111,CHN-PHL,2016,CHN,PHL,0.052,0.346,0.294
112,CHN-PHL,2017,CHN,PHL,0.052,0.321,0.269
113,CHN-PHL,2018,CHN,PHL,0.048,0.295,0.247
114,CHN-PHL,2019,CHN,PHL,0.047,0.28,0.23300000000000004
115,CHN-PHL,2020,CHN,PHL,0.042,0.27,0.228
116,CHN-PHL,2021,CHN,PHL,0.044,0.271,0.22700000000000004
117,CHN-PHL,2022,CHN,PHL,0.042,0.277,0.23500000000000001
118,CHN-PHL,2023,CHN,PHL,0.037,0.288,0.251
119,CHN-PHL,2024,CHN,PHL,0.037,0.301,0.264
120,CHN-PHL,2025,CHN,PHL,0.039,0.291,0.252
121,CHN-VNM,2015,CHN,VNM,0.052,0.115,0.063
122,CHN-VNM,2016,CHN,VNM,0.052,0.117,0.065
123,CHN-VNM,2017,CHN,VNM,0.052,0.115,0.063
124,CHN-VNM,2018,CHN,VNM,0.048,0.113,0.065
125,CHN-VNM,2019,CHN,VNM,0.047,0.117,0.07
126,CHN-VNM,2020,CHN,VNM,0.042,0.106,0.064
127,CHN-VNM,2021,CHN,VNM,0.044,0.109,0.065
128,CHN-VNM,2022,CHN,VNM,0.042,0.106,0.064
129,CHN-VNM,2023,CHN,VNM,0.037,0.111,0.07400000000000001
130,CHN-VNM,2024,CHN,VNM,0.037,0.109,0.07200000000000001
131,CHN-VNM,2025,CHN,VNM,0.039,0.102,0.063
